gender,province,parental_level_of_education,lunch,test_preparation_course,math_score,reading_score,writing_score
Female,Balochistan,Matric,Standard,None,71,76,71
Male,Sindh,Intermediate,Free/Reduced,None,63,65,61
Female,Khyber Pakhtunkhwa,Intermediate,Free/Reduced,Completed,78,85,88
Female,Punjab,Intermediate,Standard,None,79,81,81
Male,Sindh,Matric,Standard,None,58,69,72
Male,Sindh,Matric,Free/Reduced,Completed,65,64,67
Female,Sindh,Matric,Standard,None,79,78,81
Male,Sindh,Intermediate,Free/Reduced,None,73,67,62
Female,Khyber Pakhtunkhwa,Matric,Free/Reduced,Completed,68,73,77
Female,Khyber Pakhtunkhwa,Primary or Below,Free/Reduced,Completed,67,71,79
Male,Khyber Pakhtunkhwa,Intermediate,Standard,Completed,65,77,79
Male,Punjab,Matric,Free/Reduced,None,59,64,68
Male,Punjab,Master's Degree,Free/Reduced,None,54,65,63
Female,Punjab,Bachelor's Degree,Free/Reduced,Completed,69,73,80
Female,Punjab,Master's Degree,Standard,Completed,72,82,83
Female,Khyber Pakhtunkhwa,Primary or Below,Free/Reduced,Completed,63,72,76
Male,Punjab,Matric,Standard,None,65,69,67
Female,Khyber Pakhtunkhwa,Primary or Below,Standard,None,58,64,70
Female,Khyber Pakhtunkhwa,Primary or Below,Free/Reduced,Completed,70,72,81
Female,Sindh,Intermediate,Free/Reduced,None,56,69,69
Male,Punjab,Primary or Below,Standard,Completed,70,73,75
Male,Punjab,Matric,Standard,Completed,81,86,94
Female,Sindh,Bachelor's Degree,Standard,None,71,77,70
Female,Punjab,Master's Degree,Free/Reduced,Completed,76,79,87
Male,Punjab,Bachelor's Degree,Standard,None,72,69,66
Male,Punjab,Intermediate,Standard,None,61,62,59
Male,Islamabad Capital Territory,Intermediate,Free/Reduced,None,62,65,59
Male,Khyber Pakhtunkhwa,Primary or Below,Standard,Completed,68,76,81
Female,Khyber Pakhtunkhwa,Primary or Below,Free/Reduced,None,74,83,85
Male,Sindh,Intermediate,Standard,Completed,79,81,84
Male,Punjab,Bachelor's Degree,Standard,Completed,86,92,96
Male,Punjab,Bachelor's Degree,Standard,None,63,70,74
Female,Sindh,Bachelor's Degree,Standard,Completed,81,91,98
Male,Khyber Pakhtunkhwa,Intermediate,Free/Reduced,None,62,66,75
Female,Islamabad Capital Territory,Bachelor's Degree,Standard,None,67,67,70
Male,Khyber Pakhtunkhwa,Intermediate,Standard,None,70,69,57
Female,Punjab,Intermediate,Standard,None,71,76,77
Male,Islamabad Capital Territory,Intermediate,Standard,Completed,69,76,84
Female,Sindh,Bachelor's Degree,Standard,None,55,64,65
Female,Punjab,Intermediate,Free/Reduced,Completed,68,75,74
Female,Punjab,Intermediate,Standard,None,71,72,67
Male,Sindh,Intermediate,Free/Reduced,None,72,74,64
Female,Punjab,Intermediate,Free/Reduced,None,60,66,69
Female,Sindh,Intermediate,Standard,None,79,73,72
Female,Punjab,Matric,Free/Reduced,None,65,65,65
Male,Islamabad Capital Territory,Intermediate,Standard,None,46,66,60
Female,Khyber Pakhtunkhwa,Intermediate,Free/Reduced,None,61,72,75
Female,Punjab,Primary or Below,Standard,Completed,66,76,87
Female,Punjab,Matric,Free/Reduced,None,60,61,64
Female,Punjab,Primary or Below,Standard,None,40,58,58
Female,Punjab,Intermediate,Standard,None,64,67,70
Female,Punjab,Matric,Standard,Completed,73,88,95
Male,Khyber Pakhtunkhwa,Intermediate,Standard,Completed,71,86,85
Female,Punjab,Intermediate,Free/Reduced,Completed,63,74,83
Female,Islamabad Capital Territory,Primary or Below,Standard,Completed,74,81,88
Male,Sindh,Matric,Standard,Completed,72,81,91
Female,Punjab,Matric,Free/Reduced,Completed,79,88,90
Female,Sindh,Primary or Below,Standard,None,87,77,70
Male,Sindh,Intermediate,Standard,None,52,57,54
Male,Sindh,Master's Degree,Standard,None,70,73,69
Male,Sindh,Matric,Standard,None,80,72,67
Male,Islamabad Capital Territory,Bachelor's Degree,Free/Reduced,Completed,59,77,84
Female,Punjab,Bachelor's Degree,Standard,None,55,70,70
Female,Islamabad Capital Territory,Master's Degree,Standard,None,73,72,75
Female,Sindh,Primary or Below,Standard,Completed,81,77,83
Female,Punjab,Primary or Below,Free/Reduced,None,51,59,67
Male,Balochistan,Matric,Standard,None,59,66,67
Female,Sindh,Intermediate,Standard,None,92,81,85
Male,Sindh,Bachelor's Degree,Free/Reduced,None,57,66,68
Male,Sindh,Intermediate,Standard,None,57,76,72
Male,Khyber Pakhtunkhwa,Master's Degree,Standard,None,71,69,65
Female,Sindh,Intermediate,Free/Reduced,Completed,73,79,85
Female,Punjab,Bachelor's Degree,Free/Reduced,None,75,81,79
Female,Khyber Pakhtunkhwa,Matric,Free/Reduced,None,56,65,71
Male,Punjab,Matric,Standard,None,55,63,61
Male,Sindh,Matric,Standard,Completed,88,84,93
Male,Sindh,Intermediate,Free/Reduced,None,69,62,67
Female,Punjab,Matric,Standard,None,84,86,88
Female,Punjab,Bachelor's Degree,Standard,Completed,79,86,93
Female,Khyber Pakhtunkhwa,Intermediate,Standard,None,68,76,71
Male,Punjab,Intermediate,Standard,None,73,74,70
Female,Sindh,Matric,Standard,None,57,72,77
Female,Sindh,Intermediate,Free/Reduced,None,56,61,68
Male,Sindh,Matric,Free/Reduced,Completed,76,75,84
Female,Sindh,Intermediate,Free/Reduced,None,77,81,86
Male,Sindh,Intermediate,Standard,Completed,77,81,84
Male,Sindh,Matric,Standard,Completed,73,77,74
Female,Sindh,Primary or Below,Free/Reduced,None,63,63,69
Female,Sindh,Matric,Free/Reduced,None,63,64,70
Male,Khyber Pakhtunkhwa,Primary or Below,Standard,Completed,85,86,85
Male,Islamabad Capital Territory,Master's Degree,Standard,None,64,67,69
Male,Punjab,Master's Degree,Free/Reduced,None,62,64,63
Male,Punjab,Matric,Standard,Completed,60,68,81
Male,Punjab,Bachelor's Degree,Free/Reduced,Completed,74,80,84
Female,Punjab,Matric,Standard,Completed,73,88,92
Female,Punjab,Intermediate,Standard,None,72,78,79
Female,Sindh,Matric,Standard,None,82,77,81
Male,Islamabad Capital Territory,Bachelor's Degree,Standard,Completed,78,75,75
Female,Punjab,Intermediate,Standard,None,65,74,77
Female,Sindh,Bachelor's Degree,Standard,Completed,85,94,99
Male,Sindh,Intermediate,Standard,None,76,74,75
Male,Punjab,Master's Degree,Standard,None,63,71,67
Female,Sindh,Bachelor's Degree,Standard,Completed,65,77,81
Male,Sindh,Intermediate,Free/Reduced,Completed,42,63,76
Female,Sindh,Bachelor's Degree,Standard,Completed,92,86,90
Female,Sindh,Primary or Below,Free/Reduced,Completed,74,85,85
Male,Sindh,Primary or Below,Standard,None,58,69,66
Male,Khyber Pakhtunkhwa,Bachelor's Degree,Standard,Completed,55,72,74
Female,Sindh,Bachelor's Degree,Free/Reduced,None,71,77,73
Male,Punjab,Bachelor's Degree,Standard,None,64,73,74
Female,Khyber Pakhtunkhwa,Primary or Below,Free/Reduced,None,71,72,74
Female,Khyber Pakhtunkhwa,Matric,Standard,None,66,73,73
Female,Sindh,Master's Degree,Free/Reduced,None,67,67,68
Male,Sindh,Intermediate,Standard,Completed,67,85,83
Male,Punjab,Matric,Standard,None,86,70,65
Male,Punjab,Master's Degree,Free/Reduced,None,76,73,73
Female,Sindh,Bachelor's Degree,Standard,None,58,73,74
Female,Balochistan,Bachelor's Degree,Standard,None,88,83,86
Male,Punjab,Bachelor's Degree,Standard,None,64,73,64
Female,Khyber Pakhtunkhwa,Primary or Below,Free/Reduced,None,66,66,66
Male,Khyber Pakhtunkhwa,Bachelor's Degree,Free/Reduced,None,50,63,64
Male,Islamabad Capital Territory,Master's Degree,Standard,None,68,62,61
Female,Punjab,Intermediate,Standard,Completed,88,96,96
Male,Sindh,Bachelor's Degree,Standard,None,61,77,78
Female,Punjab,Matric,Free/Reduced,Completed,67,80,82
Male,Balochistan,Intermediate,Standard,Completed,66,71,77
Female,Punjab,Intermediate,Free/Reduced,Completed,77,83,84
Male,Sindh,Matric,Standard,Completed,55,65,73
Female,Sindh,Bachelor's Degree,Free/Reduced,None,59,62,57
Male,Islamabad Capital Territory,Bachelor's Degree,Standard,None,69,65,63
Female,Balochistan,Matric,Free/Reduced,None,87,68,68
Male,Punjab,Intermediate,Standard,None,51,61,59
Male,Sindh,Intermediate,Standard,None,40,59,65
Female,Punjab,Bachelor's Degree,Standard,Completed,78,82,96
Male,Punjab,Master's Degree,Standard,None,82,76,73
Male,Punjab,Bachelor's Degree,Free/Reduced,None,78,69,66
Male,Balochistan,Bachelor's Degree,Standard,None,59,65,63
Female,Sindh,Matric,Standard,Completed,84,82,84
Male,Punjab,Matric,Standard,Completed,64,80,83
Female,Sindh,Matric,Standard,None,65,73,72
Female,Balochistan,Bachelor's Degree,Free/Reduced,None,67,68,64
Male,Sindh,Bachelor's Degree,Standard,None,77,80,70
Female,Sindh,Bachelor's Degree,Free/Reduced,None,52,53,60
Female,Punjab,Intermediate,Standard,Completed,79,92,100
Female,Sindh,Bachelor's Degree,Standard,None,66,67,66
Male,Punjab,Matric,Free/Reduced,None,59,66,60
Male,Punjab,Matric,Free/Reduced,None,68,68,69
Female,Khyber Pakhtunkhwa,Bachelor's Degree,Free/Reduced,None,82,80,71
Female,Punjab,Intermediate,Free/Reduced,None,55,56,64
Male,Sindh,Bachelor's Degree,Standard,Completed,76,82,91
Female,Punjab,Intermediate,Standard,None,73,75,72
Female,Balochistan,Intermediate,Free/Reduced,Completed,63,73,78
Female,Punjab,Primary or Below,Standard,None,69,72,73
Female,Khyber Pakhtunkhwa,Bachelor's Degree,Standard,Completed,65,77,84
Male,Punjab,Intermediate,Free/Reduced,None,60,65,64
Male,Sindh,Intermediate,Standard,Completed,70,80,81
Female,Khyber Pakhtunkhwa,Matric,Standard,Completed,72,79,82
Male,Sindh,Matric,Free/Reduced,None,40,56,51
Female,Balochistan,Primary or Below,Standard,None,55,62,66
Male,Sindh,Primary or Below,Free/Reduced,None,62,59,59
Female,Punjab,Bachelor's Degree,Standard,Completed,71,84,81
Male,Punjab,Matric,Standard,None,76,72,68
Female,Punjab,Intermediate,Free/Reduced,None,63,64,67
Female,Sindh,Matric,Free/Reduced,None,63,74,71
Male,Balochistan,Intermediate,Standard,None,71,75,79
Female,Sindh,Bachelor's Degree,Standard,Completed,79,87,92
Male,Punjab,Matric,Standard,None,50,61,64
Female,Khyber Pakhtunkhwa,Intermediate,Standard,Completed,74,83,85
Male,Punjab,Master's Degree,Standard,Completed,68,84,87
Female,Sindh,Intermediate,Free/Reduced,None,62,79,81
Male,Sindh,Intermediate,Standard,None,76,79,77
Male,Punjab,Bachelor's Degree,Standard,None,53,61,62
Female,Khyber Pakhtunkhwa,Matric,Standard,None,71,72,76
Male,Khyber Pakhtunkhwa,Bachelor's Degree,Free/Reduced,Completed,50,72,82
Female,Punjab,Intermediate,Standard,None,63,76,76
Male,Punjab,Intermediate,Standard,None,59,71,59
Female,Punjab,Bachelor's Degree,Standard,None,82,73,75
Female,Punjab,Intermediate,Free/Reduced,None,51,59,61
Male,Punjab,Master's Degree,Free/Reduced,Completed,78,77,82
Female,Punjab,Primary or Below,Standard,Completed,70,78,85
Female,Punjab,Intermediate,Free/Reduced,Completed,80,77,80
Female,Punjab,Intermediate,Standard,None,83,74,71
Female,Punjab,Bachelor's Degree,Standard,Completed,75,82,81
Female,Sindh,Matric,Free/Reduced,Completed,69,80,83
Female,Sindh,Intermediate,Free/Reduced,None,67,66,64
Male,Punjab,Bachelor's Degree,Free/Reduced,None,70,76,73
Male,Balochistan,Matric,Standard,None,71,67,63
Female,Sindh,Primary or Below,Standard,Completed,74,84,93
Male,Khyber Pakhtunkhwa,Matric,Standard,Completed,72,79,83
Male,Sindh,Intermediate,Free/Reduced,Completed,65,71,74
Male,Punjab,Intermediate,Standard,Completed,67,81,85
Female,Sindh,Primary or Below,Standard,None,55,66,66
Female,Punjab,Bachelor's Degree,Standard,Completed,79,77,87
Male,Sindh,Intermediate,Standard,None,84,77,76
Female,Khyber Pakhtunkhwa,Master's Degree,Free/Reduced,None,62,71,64
Male,Punjab,Master's Degree,Standard,None,55,77,72
Female,Sindh,Intermediate,Standard,None,47,61,69
Female,Sindh,Matric,Standard,None,76,84,84
Female,Punjab,Bachelor's Degree,Free/Reduced,None,54,59,63
Female,Sindh,Master's Degree,Standard,Completed,94,92,100
Female,Khyber Pakhtunkhwa,Bachelor's Degree,Standard,None,57,68,70
Male,Sindh,Bachelor's Degree,Standard,None,75,70,70
Male,Sindh,Intermediate,Standard,Completed,60,68,73
Female,Punjab,Matric,Standard,Completed,71,78,83
Male,Sindh,Master's Degree,Free/Reduced,None,56,68,67
Male,Sindh,Matric,Standard,Completed,66,74,76
Male,Khyber Pakhtunkhwa,Master's Degree,Standard,None,81,73,72
Male,Punjab,Intermediate,Free/Reduced,Completed,74,75,86
Female,Punjab,Intermediate,Standard,None,70,72,72
Male,Punjab,Matric,Standard,None,59,75,82
Male,Khyber Pakhtunkhwa,Bachelor's Degree,Standard,None,65,63,69
Female,Punjab,Intermediate,Free/Reduced,None,41,59,59
Female,Sindh,Master's Degree,Standard,None,64,68,73
Female,Islamabad Capital Territory,Matric,Standard,None,64,67,73
Female,Balochistan,Intermediate,Standard,None,76,73,70
Male,Punjab,Primary or Below,Free/Reduced,None,56,58,58
Female,Islamabad Capital Territory,Intermediate,Standard,Completed,65,74,78
Male,Punjab,Matric,Standard,Completed,76,76,80
Female,Punjab,Matric,Standard,None,66,67,67
Female,Punjab,Primary or Below,Standard,Completed,69,79,88
Male,Balochistan,Intermediate,Standard,None,78,78,75
Female,Sindh,Master's Degree,Standard,None,75,76,75
Female,Balochistan,Primary or Below,Free/Reduced,None,48,72,69
Female,Sindh,Matric,Standard,None,65,72,75
Female,Punjab,Intermediate,Standard,None,71,71,71
Male,Balochistan,Master's Degree,Standard,Completed,82,86,83
Male,Islamabad Capital Territory,Matric,Free/Reduced,None,67,68,70
Female,Khyber Pakhtunkhwa,Intermediate,Standard,Completed,54,75,79
Female,Khyber Pakhtunkhwa,Intermediate,Free/Reduced,Completed,67,77,79
Male,Sindh,Bachelor's Degree,Standard,None,54,64,71
Female,Khyber Pakhtunkhwa,Master's Degree,Standard,None,58,64,71
Female,Khyber Pakhtunkhwa,Matric,Standard,None,71,80,70
Male,Sindh,Bachelor's Degree,Standard,None,76,75,77
Male,Sindh,Intermediate,Standard,None,73,73,71
Male,Sindh,Master's Degree,Standard,Completed,72,77,82
Female,Punjab,Intermediate,Standard,None,56,58,66
Female,Sindh,Primary or Below,Standard,None,51,58,63
Female,Punjab,Master's Degree,Standard,Completed,82,87,91
Male,Punjab,Bachelor's Degree,Free/Reduced,None,56,61,60
Female,Islamabad Capital Territory,Bachelor's Degree,Standard,Completed,78,84,87
Male,Khyber Pakhtunkhwa,Matric,Standard,None,79,79,79
Male,Punjab,Bachelor's Degree,Free/Reduced,None,68,70,71
Female,Sindh,Intermediate,Free/Reduced,None,50,58,57
Male,Sindh,Matric,Standard,None,66,67,66
Female,Punjab,Matric,Standard,None,73,67,62
Female,Sindh,Master's Degree,Standard,None,71,79,80
Female,Punjab,Intermediate,Standard,Completed,59,80,84
Female,Punjab,Intermediate,Standard,None,67,76,76
Female,Balochistan,Intermediate,Free/Reduced,None,51,68,69
Female,Sindh,Master's Degree,Standard,Completed,81,89,94
Female,Punjab,Intermediate,Standard,None,72,73,77
Male,Sindh,Bachelor's Degree,Standard,None,66,70,74
Male,Punjab,Master's Degree,Free/Reduced,None,65,65,66
Male,Punjab,Matric,Free/Reduced,None,49,64,66
Male,Punjab,Intermediate,Standard,None,70,67,65
Female,Sindh,Matric,Standard,None,65,71,69
Female,Balochistan,Bachelor's Degree,Standard,None,86,76,76
Female,Balochistan,Bachelor's Degree,Free/Reduced,None,63,67,58
Male,Punjab,Bachelor's Degree,Free/Reduced,None,61,67,64
Female,Punjab,Bachelor's Degree,Free/Reduced,None,61,73,76
Male,Punjab,Intermediate,Free/Reduced,None,69,70,67
Female,Sindh,Matric,Free/Reduced,None,64,70,72
Female,Sindh,Intermediate,Standard,None,62,73,71
Male,Punjab,Intermediate,Standard,Completed,63,74,75
Male,Punjab,Primary or Below,Standard,None,60,63,67
Male,Sindh,Matric,Free/Reduced,None,75,74,73
Male,Sindh,Master's Degree,Standard,None,75,67,70
Female,Sindh,Bachelor's Degree,Standard,None,83,78,76
Male,Punjab,Bachelor's Degree,Standard,None,62,66,72
Male,Punjab,Bachelor's Degree,Standard,None,60,73,73
Female,Sindh,Matric,Standard,None,68,66,69
Male,Sindh,Matric,Standard,None,71,72,76
Female,Punjab,Matric,Standard,None,64,78,79
Female,Khyber Pakhtunkhwa,Matric,Standard,None,79,74,73
Male,Sindh,Intermediate,Standard,None,57,69,65
Male,Punjab,Intermediate,Standard,None,66,70,73
Male,Islamabad Capital Territory,Intermediate,Free/Reduced,None,68,69,66
Female,Punjab,Matric,Standard,None,62,68,70
Male,Sindh,Primary or Below,Free/Reduced,None,60,64,63
Female,Punjab,Bachelor's Degree,Free/Reduced,None,31,60,57
Female,Punjab,Bachelor's Degree,Free/Reduced,None,58,64,58
Male,Sindh,Intermediate,Standard,Completed,82,79,85
Female,Sindh,Matric,Standard,None,59,66,67
Female,Punjab,Intermediate,Standard,None,56,66,69
Male,Punjab,Bachelor's Degree,Free/Reduced,None,56,61,64
Male,Punjab,Master's Degree,Standard,Completed,67,79,80
Male,Punjab,Matric,Free/Reduced,None,50,55,54
Female,Punjab,Matric,Standard,Completed,81,84,89
Female,Sindh,Intermediate,Standard,Completed,62,78,84
Male,Sindh,Bachelor's Degree,Standard,None,57,61,58
Female,Punjab,Intermediate,Free/Reduced,None,53,62,66
Male,Punjab,Primary or Below,Standard,None,50,74,72
Male,Punjab,Bachelor's Degree,Free/Reduced,None,68,74,74
Male,Islamabad Capital Territory,Intermediate,Standard,Completed,67,76,79
Female,Punjab,Matric,Free/Reduced,Completed,57,64,74
Female,Balochistan,Intermediate,Free/Reduced,Completed,62,77,86
Female,Khyber Pakhtunkhwa,Matric,Standard,None,71,70,72
Female,Punjab,Matric,Free/Reduced,None,41,57,61
Male,Khyber Pakhtunkhwa,Bachelor's Degree,Standard,None,60,61,65
Female,Khyber Pakhtunkhwa,Matric,Standard,None,55,66,67
Male,Sindh,Bachelor's Degree,Free/Reduced,None,70,69,67
Female,Islamabad Capital Territory,Intermediate,Standard,Completed,64,75,80
Female,Punjab,Master's Degree,Standard,None,59,67,63
Female,Sindh,Bachelor's Degree,Free/Reduced,None,58,73,76
Male,Sindh,Intermediate,Free/Reduced,None,70,73,70
Male,Punjab,Master's Degree,Standard,Completed,70,94,99
Female,Islamabad Capital Territory,Matric,Free/Reduced,None,49,66,63
Female,Sindh,Master's Degree,Standard,None,65,60,55
Female,Punjab,Bachelor's Degree,Standard,None,48,66,66
Female,Sindh,Matric,Free/Reduced,None,60,73,71
Male,Khyber Pakhtunkhwa,Matric,Standard,None,63,64,63
Male,Punjab,Bachelor's Degree,Standard,None,78,76,70
Male,Punjab,Bachelor's Degree,Free/Reduced,None,79,78,77
Male,Sindh,Matric,Standard,None,69,71,66
Female,Balochistan,Primary or Below,Standard,None,65,62,68
Male,Punjab,Matric,Standard,Completed,67,80,77
Male,Islamabad Capital Territory,Matric,Standard,None,55,61,60
Male,Punjab,Intermediate,Free/Reduced,None,81,70,69
Female,Khyber Pakhtunkhwa,Matric,Standard,Completed,91,90,96
Male,Sindh,Primary or Below,Standard,None,69,73,70
Female,Balochistan,Bachelor's Degree,Free/Reduced,None,48,64,60
Female,Khyber Pakhtunkhwa,Intermediate,Free/Reduced,Completed,52,74,78
Male,Sindh,Intermediate,Standard,Completed,80,80,86
Female,Sindh,Intermediate,Free/Reduced,Completed,65,76,78
Male,Punjab,Matric,Standard,None,58,69,64
Male,Punjab,Bachelor's Degree,Free/Reduced,Completed,79,72,81
Female,Khyber Pakhtunkhwa,Matric,Standard,Completed,75,79,89
Male,Punjab,Master's Degree,Standard,Completed,70,85,84
Male,Sindh,Intermediate,Free/Reduced,None,75,74,73
Female,Sindh,Intermediate,Standard,None,67,69,74
Female,Punjab,Primary or Below,Free/Reduced,None,66,77,73
Female,Balochistan,Bachelor's Degree,Free/Reduced,Completed,55,74,83
Female,Punjab,Bachelor's Degree,Free/Reduced,None,67,68,72
Female,Punjab,Intermediate,Standard,None,61,64,66
Female,Sindh,Matric,Free/Reduced,None,57,66,71
Female,Punjab,Matric,Standard,Completed,64,73,77
Female,Punjab,Matric,Free/Reduced,Completed,63,80,81
Male,Punjab,Intermediate,Standard,Completed,73,85,90
Male,Punjab,Bachelor's Degree,Standard,None,59,61,63
Male,Punjab,Matric,Standard,None,73,65,64
Male,Khyber Pakhtunkhwa,Bachelor's Degree,Standard,None,44,59,60
Female,Punjab,Bachelor's Degree,Free/Reduced,Completed,70,77,80
Female,Punjab,Matric,Standard,None,78,76,79
Female,Punjab,Bachelor's Degree,Standard,Completed,86,92,94
Female,Punjab,Bachelor's Degree,Free/Reduced,Completed,55,75,81
Male,Punjab,Matric,Free/Reduced,None,66,66,68
Male,Khyber Pakhtunkhwa,Bachelor's Degree,Standard,None,78,71,67
Male,Sindh,Intermediate,Standard,None,69,73,76
Female,Balochistan,Bachelor's Degree,Standard,Completed,69,82,89
Male,Sindh,Primary or Below,Standard,Completed,92,87,87
Female,Punjab,Matric,Standard,Completed,75,82,87
Female,Punjab,Master's Degree,Free/Reduced,None,82,78,75
Female,Khyber Pakhtunkhwa,Bachelor's Degree,Free/Reduced,None,64,63,64
Male,Sindh,Matric,Free/Reduced,Completed,63,75,79
Female,Sindh,Matric,Free/Reduced,None,65,59,64
Female,Punjab,Primary or Below,Free/Reduced,None,51,65,69
Female,Sindh,Bachelor's Degree,Standard,None,66,78,74
Female,Islamabad Capital Territory,Matric,Free/Reduced,None,64,68,74
Male,Sindh,Bachelor's Degree,Free/Reduced,None,49,65,65
Female,Sindh,Intermediate,Standard,Completed,81,83,89
Female,Sindh,Intermediate,Standard,Completed,84,94,99
Female,Sindh,Matric,Standard,Completed,81,83,88
Female,Sindh,Bachelor's Degree,Standard,None,55,63,73
Male,Punjab,Matric,Standard,None,70,64,60
Female,Sindh,Intermediate,Standard,None,58,78,70
Male,Punjab,Matric,Free/Reduced,Completed,75,83,81
Female,Islamabad Capital Territory,Intermediate,Free/Reduced,Completed,68,80,87
Male,Punjab,Intermediate,Standard,Completed,72,74,81
Male,Islamabad Capital Territory,Bachelor's Degree,Standard,None,71,78,86
Female,Khyber Pakhtunkhwa,Matric,Standard,Completed,70,79,84
Male,Sindh,Matric,Standard,None,72,67,67
Male,Sindh,Bachelor's Degree,Free/Reduced,None,72,68,74
Male,Khyber Pakhtunkhwa,Bachelor's Degree,Standard,None,83,83,77
Female,Sindh,Bachelor's Degree,Standard,None,67,68,68
Female,Punjab,Intermediate,Free/Reduced,None,58,60,61
Male,Punjab,Bachelor's Degree,Standard,None,58,63,66
Male,Khyber Pakhtunkhwa,Matric,Standard,None,78,70,67
Male,Sindh,Bachelor's Degree,Standard,None,61,64,66
Male,Punjab,Matric,Standard,Completed,82,83,87
Male,Sindh,Matric,Standard,None,64,58,60
Male,Islamabad Capital Territory,Primary or Below,Standard,Completed,77,84,87
Female,Balochistan,Bachelor's Degree,Standard,Completed,78,78,77
Female,Punjab,Intermediate,Standard,None,66,74,74
Female,Punjab,Bachelor's Degree,Standard,None,61,69,74
Male,Islamabad Capital Territory,Bachelor's Degree,Standard,None,66,65,67
Male,Punjab,Matric,Standard,Completed,57,76,77
Male,Punjab,Bachelor's Degree,Standard,None,69,66,66
Female,Sindh,Intermediate,Free/Reduced,Completed,68,85,91
Male,Khyber Pakhtunkhwa,Matric,Standard,Completed,88,87,88
Male,Khyber Pakhtunkhwa,Intermediate,Free/Reduced,None,86,82,75
Male,Balochistan,Master's Degree,Standard,None,84,85,83
Female,Khyber Pakhtunkhwa,Intermediate,Free/Reduced,None,52,66,64
Female,Sindh,Bachelor's Degree,Free/Reduced,None,45,60,67
Female,Punjab,Matric,Standard,Completed,71,85,93
Female,Punjab,Matric,Standard,Completed,81,87,95
Female,Khyber Pakhtunkhwa,Intermediate,Standard,Completed,92,92,94
Male,Punjab,Intermediate,Free/Reduced,Completed,47,72,72
Female,Punjab,Bachelor's Degree,Standard,None,66,74,73
Male,Punjab,Bachelor's Degree,Standard,Completed,75,77,85
Female,Sindh,Matric,Standard,None,64,65,66
Female,Balochistan,Intermediate,Standard,Completed,72,84,87
Male,Punjab,Primary or Below,Free/Reduced,None,75,72,73
Female,Punjab,Bachelor's Degree,Standard,None,72,66,69
Male,Punjab,Bachelor's Degree,Free/Reduced,None,67,59,65
Male,Punjab,Bachelor's Degree,Free/Reduced,None,51,61,56
Female,Punjab,Master's Degree,Standard,None,83,81,76
Female,Punjab,Bachelor's Degree,Standard,None,65,69,67
Female,Sindh,Matric,Standard,None,80,78,74
Male,Punjab,Intermediate,Standard,Completed,84,87,93
Male,Punjab,Intermediate,Standard,None,73,74,71
Female,Punjab,Primary or Below,Standard,None,46,58,59
Male,Punjab,Matric,Free/Reduced,Completed,63,81,79
Male,Balochistan,Bachelor's Degree,Standard,None,63,58,60
Male,Sindh,Intermediate,Free/Reduced,Completed,82,80,84
Female,Khyber Pakhtunkhwa,Primary or Below,Free/Reduced,Completed,79,82,81
Male,Sindh,Bachelor's Degree,Standard,None,68,68,68
Female,Punjab,Primary or Below,Free/Reduced,Completed,80,79,93
Female,Punjab,Matric,Free/Reduced,Completed,52,65,76
Male,Sindh,Bachelor's Degree,Standard,None,78,74,70
Male,Khyber Pakhtunkhwa,Matric,Free/Reduced,Completed,65,77,83
Female,Balochistan,Primary or Below,Standard,None,56,63,68
Male,Islamabad Capital Territory,Matric,Standard,None,58,72,63
Male,Sindh,Matric,Free/Reduced,None,57,66,67
Male,Punjab,Bachelor's Degree,Free/Reduced,None,55,71,75
Female,Punjab,Matric,Standard,Completed,82,90,100
Male,Balochistan,Intermediate,Standard,None,58,66,63
Female,Balochistan,Master's Degree,Standard,Completed,67,80,87
Female,Islamabad Capital Territory,Intermediate,Standard,None,68,70,70
Female,Islamabad Capital Territory,Master's Degree,Standard,Completed,87,87,96
Male,Khyber Pakhtunkhwa,Intermediate,Free/Reduced,None,66,65,64
Female,Punjab,Matric,Standard,None,71,75,74
Female,Balochistan,Primary or Below,Free/Reduced,None,57,69,67
Female,Punjab,Bachelor's Degree,Standard,None,59,65,64
Female,Punjab,Intermediate,Standard,Completed,74,85,91
Male,Sindh,Intermediate,Standard,None,56,70,73
Male,Balochistan,Master's Degree,Standard,Completed,74,83,83
Male,Punjab,Primary or Below,Standard,Completed,79,88,94
Female,Sindh,Matric,Standard,None,64,69,69
Male,Balochistan,Bachelor's Degree,Free/Reduced,None,71,73,72
Male,Punjab,Matric,Standard,None,75,78,75
Female,Balochistan,Matric,Standard,Completed,85,83,87
Female,Khyber Pakhtunkhwa,Matric,Free/Reduced,None,66,71,66
Male,Sindh,Intermediate,Free/Reduced,None,77,70,68
Male,Punjab,Primary or Below,Standard,Completed,66,81,81
Female,Punjab,Intermediate,Standard,Completed,71,74,83
Female,Punjab,Intermediate,Standard,Completed,80,89,92
Male,Khyber Pakhtunkhwa,Matric,Standard,Completed,63,79,78
Male,Khyber Pakhtunkhwa,Matric,Free/Reduced,None,51,64,60
Female,Khyber Pakhtunkhwa,Matric,Standard,Completed,75,83,85
Male,Khyber Pakhtunkhwa,Matric,Standard,None,51,62,59
Female,Sindh,Intermediate,Standard,Completed,81,84,87
Female,Khyber Pakhtunkhwa,Intermediate,Free/Reduced,None,64,70,70
Male,Punjab,Matric,Standard,None,58,66,67
Male,Khyber Pakhtunkhwa,Bachelor's Degree,Standard,None,71,77,74
Male,Balochistan,Intermediate,Free/Reduced,None,64,72,70
Female,Balochistan,Bachelor's Degree,Standard,None,54,64,59
Female,Punjab,Master's Degree,Free/Reduced,Completed,79,83,87
Female,Khyber Pakhtunkhwa,Matric,Standard,Completed,65,81,73
Female,Balochistan,Matric,Free/Reduced,None,70,69,74
Male,Sindh,Intermediate,Standard,Completed,76,72,82
Male,Islamabad Capital Territory,Bachelor's Degree,Standard,Completed,62,84,87
Male,Punjab,Bachelor's Degree,Standard,None,65,76,68
Female,Sindh,Matric,Standard,None,65,72,74
Male,Punjab,Matric,Standard,None,69,68,63
Male,Sindh,Intermediate,Standard,None,75,72,79
Male,Islamabad Capital Territory,Bachelor's Degree,Standard,None,64,69,69
Male,Punjab,Bachelor's Degree,Standard,None,84,79,75
Female,Sindh,Primary or Below,Free/Reduced,None,65,62,70
Female,Sindh,Matric,Standard,None,70,71,70
Female,Punjab,Intermediate,Free/Reduced,None,72,67,72
Female,Khyber Pakhtunkhwa,Intermediate,Standard,None,68,68,70
Male,Punjab,Matric,Standard,None,63,62,68
Female,Punjab,Intermediate,Free/Reduced,None,54,59,71
Female,Sindh,Intermediate,Standard,None,60,67,67
Male,Sindh,Intermediate,Free/Reduced,None,59,60,60
Female,Punjab,Bachelor's Degree,Standard,Completed,80,81,89
Female,Sindh,Bachelor's Degree,Standard,Completed,55,74,79
Male,Punjab,Intermediate,Standard,None,54,60,60
Female,Punjab,Intermediate,Standard,Completed,76,79,81
Female,Sindh,Intermediate,Standard,None,73,78,73
Male,Punjab,Primary or Below,Standard,None,60,63,59
Male,Sindh,Matric,Standard,None,82,80,71
Male,Islamabad Capital Territory,Primary or Below,Standard,None,75,76,71
Male,Punjab,Matric,Free/Reduced,None,44,59,59
Male,Sindh,Primary or Below,Standard,None,78,77,80
Male,Punjab,Matric,Standard,None,57,63,61
Female,Punjab,Intermediate,Standard,None,71,80,74
Female,Punjab,Primary or Below,Free/Reduced,Completed,77,84,88
Female,Punjab,Matric,Standard,None,68,69,71
Female,Punjab,Bachelor's Degree,Free/Reduced,None,68,74,75
Male,Punjab,Intermediate,Standard,None,66,70,67
Female,Sindh,Intermediate,Standard,None,77,72,71
Male,Islamabad Capital Territory,Intermediate,Standard,None,68,66,67
Female,Sindh,Master's Degree,Standard,None,53,76,77
Female,Sindh,Matric,Standard,None,57,64,61
Male,Khyber Pakhtunkhwa,Bachelor's Degree,Free/Reduced,None,53,63,61
Male,Khyber Pakhtunkhwa,Intermediate,Free/Reduced,None,65,68,65
Female,Sindh,Intermediate,Standard,None,62,61,60
Female,Khyber Pakhtunkhwa,Bachelor's Degree,Standard,None,74,72,73
Female,Punjab,Matric,Free/Reduced,Completed,66,80,87
Male,Punjab,Matric,Free/Reduced,None,51,63,59
Female,Sindh,Intermediate,Free/Reduced,Completed,66,75,83
Male,Khyber Pakhtunkhwa,Matric,Free/Reduced,Completed,71,75,73
Female,Balochistan,Primary or Below,Standard,None,60,61,65
Male,Punjab,Matric,Free/Reduced,None,70,72,63
Female,Sindh,Matric,Standard,None,56,68,71
Male,Sindh,Matric,Free/Reduced,Completed,67,76,84
Male,Sindh,Intermediate,Standard,None,76,68,70
Female,Punjab,Bachelor's Degree,Free/Reduced,None,70,72,67
Male,Sindh,Bachelor's Degree,Free/Reduced,None,64,70,68
Male,Punjab,Intermediate,Standard,None,77,73,66
Female,Sindh,Bachelor's Degree,Free/Reduced,None,63,72,71
Female,Punjab,Intermediate,Free/Reduced,None,48,61,63
Female,Balochistan,Intermediate,Standard,None,69,75,81
Male,Islamabad Capital Territory,Bachelor's Degree,Free/Reduced,Completed,81,82,88
Male,Sindh,Bachelor's Degree,Standard,None,60,72,74
Female,Punjab,Matric,Standard,Completed,73,88,89
Female,Punjab,Intermediate,Free/Reduced,None,59,68,65
Female,Punjab,Bachelor's Degree,Standard,Completed,67,73,83
Female,Balochistan,Master's Degree,Free/Reduced,Completed,64,82,88
Female,Balochistan,Master's Degree,Free/Reduced,None,59,67,65
Female,Sindh,Matric,Free/Reduced,None,72,69,68
Female,Punjab,Matric,Standard,Completed,76,89,93
Female,Sindh,Bachelor's Degree,Free/Reduced,None,79,80,85
Male,Punjab,Bachelor's Degree,Free/Reduced,None,66,74,65
Male,Punjab,Matric,Standard,None,73,75,73
Female,Khyber Pakhtunkhwa,Matric,Standard,None,65,74,76
Male,Punjab,Primary or Below,Free/Reduced,Completed,48,65,72
Male,Khyber Pakhtunkhwa,Intermediate,Free/Reduced,None,69,79,73
Male,Punjab,Intermediate,Free/Reduced,Completed,92,87,92
Male,Khyber Pakhtunkhwa,Primary or Below,Standard,Completed,69,82,90
Female,Punjab,Matric,Standard,Completed,81,84,90
Female,Punjab,Intermediate,Standard,None,73,74,76
Male,Punjab,Matric,Standard,None,80,70,68
Female,Balochistan,Intermediate,Standard,None,72,78,78
Female,Sindh,Master's Degree,Free/Reduced,None,57,68,71
Female,Punjab,Bachelor's Degree,Standard,None,57,71,66
Male,Punjab,Bachelor's Degree,Free/Reduced,None,81,76,71
Female,Punjab,Bachelor's Degree,Standard,None,68,74,76
Male,Punjab,Matric,Free/Reduced,None,57,68,68
Male,Punjab,Bachelor's Degree,Free/Reduced,Completed,73,80,83
Male,Khyber Pakhtunkhwa,Intermediate,Standard,Completed,61,69,73
Female,Khyber Pakhtunkhwa,Bachelor's Degree,Standard,None,82,86,82
Female,Punjab,Bachelor's Degree,Standard,None,54,65,62
Female,Balochistan,Intermediate,Standard,None,62,72,75
Male,Punjab,Bachelor's Degree,Standard,None,73,70,71
Male,Islamabad Capital Territory,Intermediate,Free/Reduced,None,79,68,63
Male,Punjab,Bachelor's Degree,Standard,None,66,71,64
Male,Islamabad Capital Territory,Bachelor's Degree,Standard,None,62,74,71
Male,Sindh,Intermediate,Free/Reduced,Completed,61,76,86
Male,Sindh,Intermediate,Free/Reduced,Completed,79,92,99
Male,Punjab,Bachelor's Degree,Free/Reduced,None,73,69,62
Female,Sindh,Intermediate,Standard,None,45,60,62
Female,Punjab,Intermediate,Standard,None,65,66,69
Female,Punjab,Intermediate,Standard,None,53,65,65
Male,Islamabad Capital Territory,Bachelor's Degree,Standard,None,72,73,68
Female,Sindh,Bachelor's Degree,Free/Reduced,None,55,71,68
Female,Punjab,Matric,Standard,Completed,72,84,97
Female,Sindh,Primary or Below,Standard,None,81,79,77
Male,Sindh,Primary or Below,Standard,None,64,74,69
Female,Balochistan,Intermediate,Standard,None,73,72,70
Female,Sindh,Bachelor's Degree,Standard,None,69,77,78
Female,Khyber Pakhtunkhwa,Intermediate,Standard,None,68,76,79
Female,Punjab,Master's Degree,Free/Reduced,None,73,72,69
Female,Punjab,Intermediate,Standard,None,65,78,77
Female,Punjab,Bachelor's Degree,Free/Reduced,None,60,74,74
Male,Punjab,Matric,Standard,Completed,49,78,87
Male,Punjab,Master's Degree,Standard,Completed,75,83,86
Female,Punjab,Primary or Below,Standard,None,75,79,77
Male,Sindh,Bachelor's Degree,Standard,Completed,87,82,89
Female,Khyber Pakhtunkhwa,Bachelor's Degree,Standard,Completed,84,87,97
Female,Punjab,Master's Degree,Free/Reduced,Completed,74,78,82
Male,Punjab,Master's Degree,Standard,Completed,91,84,89
Male,Balochistan,Intermediate,Standard,Completed,58,68,78
Female,Khyber Pakhtunkhwa,Bachelor's Degree,Standard,Completed,61,79,84
Male,Punjab,Master's Degree,Free/Reduced,None,59,61,64
Female,Punjab,Bachelor's Degree,Standard,None,83,79,77
Female,Punjab,Matric,Standard,Completed,60,67,75
Male,Punjab,Intermediate,Standard,None,71,71,72
Female,Punjab,Master's Degree,Standard,Completed,69,79,81
Male,Sindh,Master's Degree,Standard,None,77,75,75
Female,Sindh,Bachelor's Degree,Free/Reduced,None,75,83,82
Female,Sindh,Bachelor's Degree,Standard,Completed,67,76,84
Female,Sindh,Bachelor's Degree,Standard,None,63,71,71
Female,Sindh,Intermediate,Standard,None,75,79,78
Female,Khyber Pakhtunkhwa,Matric,Free/Reduced,None,57,63,69
Female,Punjab,Matric,Standard,None,80,78,76
Female,Punjab,Bachelor's Degree,Free/Reduced,Completed,61,74,84
Male,Sindh,Matric,Standard,Completed,80,78,77
Female,Punjab,Bachelor's Degree,Standard,Completed,56,71,77
Male,Punjab,Intermediate,Standard,Completed,70,83,93
Male,Khyber Pakhtunkhwa,Intermediate,Free/Reduced,None,73,72,72
Female,Balochistan,Bachelor's Degree,Standard,Completed,68,80,86
Female,Islamabad Capital Territory,Master's Degree,Standard,Completed,78,88,96
Male,Khyber Pakhtunkhwa,Primary or Below,Standard,Completed,79,77,78
Male,Punjab,Matric,Standard,None,76,69,77
Male,Punjab,Matric,Free/Reduced,None,68,66,67
Female,Sindh,Bachelor's Degree,Standard,Completed,77,84,92
Female,Punjab,Master's Degree,Free/Reduced,Completed,85,90,100
Female,Sindh,Matric,Standard,Completed,71,81,89
Male,Punjab,Bachelor's Degree,Standard,Completed,80,92,94
Male,Punjab,Matric,Standard,Completed,85,82,78
Male,Balochistan,Intermediate,Free/Reduced,Completed,77,77,80
Male,Punjab,Intermediate,Standard,Completed,60,71,77
Female,Punjab,Bachelor's Degree,Standard,None,81,86,84
Female,Punjab,Bachelor's Degree,Standard,None,62,65,68
Female,Sindh,Matric,Standard,Completed,84,94,98
Male,Punjab,Matric,Free/Reduced,None,67,73,70
Female,Islamabad Capital Territory,Intermediate,Standard,Completed,69,82,84
Female,Sindh,Primary or Below,Free/Reduced,Completed,70,79,86
Female,Islamabad Capital Territory,Matric,Standard,None,72,71,69
Male,Balochistan,Intermediate,Free/Reduced,Completed,81,85,85
Male,Punjab,Primary or Below,Free/Reduced,Completed,56,69,70
Female,Khyber Pakhtunkhwa,Matric,Free/Reduced,None,63,66,71
Male,Sindh,Intermediate,Standard,None,59,62,65
Male,Khyber Pakhtunkhwa,Primary or Below,Standard,None,64,74,73
Male,Khyber Pakhtunkhwa,Master's Degree,Standard,None,72,71,74
Male,Balochistan,Intermediate,Standard,Completed,80,83,81
Male,Sindh,Intermediate,Free/Reduced,None,63,67,63
Male,Punjab,Bachelor's Degree,Free/Reduced,None,61,67,73
Female,Sindh,Matric,Standard,None,85,76,74
Male,Balochistan,Matric,Standard,Completed,75,77,76
Male,Khyber Pakhtunkhwa,Matric,Standard,None,69,68,66
Female,Islamabad Capital Territory,Primary or Below,Standard,Completed,52,67,71
Female,Sindh,Matric,Free/Reduced,Completed,79,80,94
Female,Punjab,Bachelor's Degree,Standard,None,64,69,74
Male,Balochistan,Intermediate,Standard,Completed,50,71,79
Male,Khyber Pakhtunkhwa,Matric,Standard,Completed,78,86,90
Female,Sindh,Matric,Free/Reduced,None,58,63,69
Female,Sindh,Master's Degree,Free/Reduced,None,52,69,72
Female,Punjab,Bachelor's Degree,Free/Reduced,None,57,64,59
Male,Khyber Pakhtunkhwa,Matric,Standard,None,82,82,74
Female,Sindh,Primary or Below,Free/Reduced,None,60,65,62
Female,Islamabad Capital Territory,Bachelor's Degree,Standard,None,80,82,85
Male,Punjab,Matric,Free/Reduced,Completed,67,73,78
Female,Punjab,Intermediate,Free/Reduced,Completed,68,77,82
Female,Khyber Pakhtunkhwa,Bachelor's Degree,Free/Reduced,None,79,78,76
Female,Islamabad Capital Territory,Master's Degree,Standard,None,46,60,68
Male,Punjab,Matric,Standard,Completed,65,76,81
Male,Sindh,Bachelor's Degree,Free/Reduced,None,56,66,62
Male,Khyber Pakhtunkhwa,Intermediate,Free/Reduced,None,58,61,65
Male,Punjab,Matric,Standard,None,59,66,65
Female,Khyber Pakhtunkhwa,Matric,Free/Reduced,Completed,50,71,71
Female,Punjab,Bachelor's Degree,Free/Reduced,None,39,57,59
Female,Sindh,Bachelor's Degree,Free/Reduced,None,47,72,68
Male,Khyber Pakhtunkhwa,Intermediate,Standard,Completed,72,78,83
Female,Punjab,Intermediate,Standard,Completed,62,73,82
Female,Sindh,Bachelor's Degree,Standard,Completed,76,87,88
Female,Punjab,Bachelor's Degree,Free/Reduced,None,49,65,60
Male,Punjab,Bachelor's Degree,Standard,Completed,79,81,94
Female,Sindh,Matric,Standard,None,67,76,73
Female,Balochistan,Matric,Free/Reduced,None,81,83,75
Female,Islamabad Capital Territory,Intermediate,Standard,None,48,60,64
Male,Punjab,Master's Degree,Standard,None,61,65,71
Female,Sindh,Intermediate,Standard,None,77,82,82
Female,Islamabad Capital Territory,Intermediate,Standard,Completed,83,76,81
Female,Punjab,Intermediate,Standard,Completed,80,84,83
Male,Punjab,Master's Degree,Standard,Completed,75,72,79
Male,Punjab,Intermediate,Standard,None,69,67,69
Female,Punjab,Matric,Standard,Completed,52,67,82
Female,Punjab,Bachelor's Degree,Free/Reduced,Completed,82,85,91
Female,Khyber Pakhtunkhwa,Master's Degree,Free/Reduced,None,60,62,67
Male,Sindh,Intermediate,Standard,Completed,82,85,91
Male,Khyber Pakhtunkhwa,Matric,Standard,Completed,81,87,84
Female,Sindh,Matric,Standard,None,65,74,75
Male,Punjab,Matric,Standard,None,71,71,73
Male,Punjab,Intermediate,Standard,None,50,56,62
Female,Balochistan,Bachelor's Degree,Standard,None,69,72,70
Male,Punjab,Primary or Below,Standard,Completed,79,84,84
Male,Balochistan,Intermediate,Standard,None,61,72,73
Female,Punjab,Intermediate,Free/Reduced,None,72,72,77
Female,Punjab,Primary or Below,Standard,None,63,69,64
Male,Sindh,Primary or Below,Standard,None,62,68,68
Female,Khyber Pakhtunkhwa,Bachelor's Degree,Free/Reduced,Completed,70,82,92
Male,Sindh,Bachelor's Degree,Standard,Completed,84,88,92
Male,Khyber Pakhtunkhwa,Master's Degree,Standard,None,69,72,70
Female,Khyber Pakhtunkhwa,Matric,Standard,None,76,72,76
Male,Khyber Pakhtunkhwa,Matric,Standard,None,75,74,68
Female,Punjab,Matric,Standard,Completed,83,93,89
Male,Punjab,Bachelor's Degree,Free/Reduced,None,69,71,67
Male,Punjab,Matric,Standard,None,64,63,63
Male,Punjab,Master's Degree,Standard,None,69,70,70
Female,Sindh,Intermediate,Standard,Completed,77,82,84
Male,Sindh,Primary or Below,Free/Reduced,Completed,75,79,77
Male,Sindh,Matric,Standard,Completed,70,77,86
Female,Punjab,Matric,Standard,Completed,80,85,94
Female,Khyber Pakhtunkhwa,Intermediate,Free/Reduced,Completed,71,75,81
Male,Punjab,Intermediate,Standard,Completed,59,70,76
Female,Sindh,Bachelor's Degree,Standard,None,61,69,71
Male,Punjab,Matric,Standard,None,53,66,63
Female,Sindh,Intermediate,Free/Reduced,None,44,53,56
Male,Sindh,Master's Degree,Standard,Completed,70,78,81
Female,Islamabad Capital Territory,Master's Degree,Free/Reduced,Completed,71,83,81
Male,Punjab,Primary or Below,Standard,Completed,74,83,82
Male,Punjab,Bachelor's Degree,Standard,None,78,76,73
Female,Punjab,Bachelor's Degree,Standard,None,80,73,68
Female,Balochistan,Bachelor's Degree,Standard,None,74,77,71
Female,Sindh,Primary or Below,Standard,None,68,73,69
Male,Punjab,Intermediate,Free/Reduced,None,57,74,72
Male,Punjab,Matric,Standard,None,58,65,60
Female,Sindh,Master's Degree,Standard,None,57,75,81
Female,Punjab,Matric,Standard,Completed,81,83,88
Female,Islamabad Capital Territory,Bachelor's Degree,Standard,Completed,65,75,84
Male,Islamabad Capital Territory,Matric,Free/Reduced,Completed,64,78,79
Male,Sindh,Intermediate,Free/Reduced,None,72,71,69
Male,Punjab,Intermediate,Standard,Completed,57,69,75
Female,Punjab,Intermediate,Free/Reduced,None,56,65,69
Male,Khyber Pakhtunkhwa,Intermediate,Free/Reduced,None,74,73,71
Male,Sindh,Bachelor's Degree,Standard,None,64,73,69
Male,Punjab,Bachelor's Degree,Standard,None,66,68,65
Female,Punjab,Primary or Below,Standard,None,57,68,66
Male,Punjab,Bachelor's Degree,Free/Reduced,Completed,80,82,83
Female,Islamabad Capital Territory,Intermediate,Standard,Completed,86,86,80
Male,Punjab,Intermediate,Standard,None,74,79,82
Male,Punjab,Master's Degree,Free/Reduced,Completed,54,74,79
Male,Punjab,Bachelor's Degree,Standard,None,63,65,66
Female,Khyber Pakhtunkhwa,Intermediate,Standard,Completed,68,77,80
Male,Khyber Pakhtunkhwa,Master's Degree,Free/Reduced,None,54,70,73
Female,Sindh,Bachelor's Degree,Free/Reduced,Completed,79,83,88
Female,Punjab,Matric,Standard,Completed,83,84,81
Female,Punjab,Matric,Standard,None,62,73,68
Male,Islamabad Capital Territory,Bachelor's Degree,Free/Reduced,None,62,71,74
Male,Punjab,Primary or Below,Free/Reduced,None,71,75,78
Male,Punjab,Primary or Below,Free/Reduced,None,69,69,59
Female,Punjab,Intermediate,Standard,Completed,74,86,94
Female,Sindh,Matric,Standard,None,73,74,76
Female,Khyber Pakhtunkhwa,Master's Degree,Standard,Completed,71,82,88
Male,Balochistan,Matric,Standard,None,54,60,55
Female,Sindh,Intermediate,Standard,None,58,70,72
Male,Sindh,Intermediate,Free/Reduced,Completed,70,85,90
Female,Sindh,Primary or Below,Standard,None,56,66,66
Female,Balochistan,Master's Degree,Standard,None,61,63,65
Male,Punjab,Primary or Below,Standard,Completed,74,73,88
Male,Punjab,Master's Degree,Standard,Completed,74,81,85
Male,Islamabad Capital Territory,Master's Degree,Standard,Completed,68,88,88
Female,Punjab,Master's Degree,Standard,None,76,78,74
Female,Sindh,Intermediate,Standard,Completed,72,79,80
Female,Sindh,Intermediate,Free/Reduced,None,55,59,58
Female,Sindh,Bachelor's Degree,Standard,Completed,82,78,79
Female,Sindh,Intermediate,Free/Reduced,None,55,65,65
Female,Punjab,Bachelor's Degree,Free/Reduced,None,54,62,60
Female,Punjab,Primary or Below,Standard,None,72,79,77
Male,Balochistan,Bachelor's Degree,Standard,None,85,75,60
Female,Punjab,Master's Degree,Free/Reduced,None,75,82,77
Male,Sindh,Matric,Free/Reduced,None,57,67,66
Female,Khyber Pakhtunkhwa,Matric,Free/Reduced,None,70,65,71
Female,Khyber Pakhtunkhwa,Bachelor's Degree,Standard,Completed,81,84,86
Male,Sindh,Matric,Standard,Completed,81,85,89
Male,Punjab,Bachelor's Degree,Standard,None,61,66,69
Female,Punjab,Matric,Free/Reduced,None,61,75,74
Male,Sindh,Intermediate,Standard,Completed,88,92,92
Female,Khyber Pakhtunkhwa,Bachelor's Degree,Standard,None,74,67,67
Female,Punjab,Matric,Standard,None,71,64,64
Female,Khyber Pakhtunkhwa,Intermediate,Standard,Completed,91,95,92
Male,Sindh,Bachelor's Degree,Standard,None,56,70,68
Male,Khyber Pakhtunkhwa,Bachelor's Degree,Standard,Completed,73,84,89
Male,Punjab,Bachelor's Degree,Standard,None,59,64,69
Female,Punjab,Intermediate,Standard,None,74,74,77
Male,Sindh,Intermediate,Standard,Completed,85,84,84
Male,Punjab,Intermediate,Free/Reduced,None,63,69,62
Male,Sindh,Matric,Free/Reduced,None,48,61,62
Female,Punjab,Intermediate,Standard,None,75,72,75
Male,Sindh,Master's Degree,Standard,None,70,74,77
Male,Khyber Pakhtunkhwa,Intermediate,Standard,Completed,66,70,75
Female,Khyber Pakhtunkhwa,Matric,Standard,None,70,75,81
Male,Balochistan,Intermediate,Standard,Completed,71,88,88
Male,Punjab,Intermediate,Free/Reduced,None,71,74,76
Male,Khyber Pakhtunkhwa,Matric,Free/Reduced,None,75,69,72
Female,Punjab,Master's Degree,Standard,None,91,86,85
Female,Sindh,Bachelor's Degree,Standard,Completed,88,87,93
Male,Balochistan,Matric,Standard,None,61,66,60
Female,Sindh,Intermediate,Standard,None,68,66,63
Female,Khyber Pakhtunkhwa,Intermediate,Standard,None,69,71,80
Male,Khyber Pakhtunkhwa,Intermediate,Standard,Completed,67,76,77
Female,Sindh,Bachelor's Degree,Standard,None,66,66,67
Female,Punjab,Intermediate,Standard,None,61,66,68
Male,Punjab,Matric,Free/Reduced,Completed,77,78,80
Male,Sindh,Intermediate,Free/Reduced,None,59,64,61
Male,Sindh,Matric,Standard,None,67,67,67
Female,Punjab,Intermediate,Standard,None,66,69,68
Male,Punjab,Bachelor's Degree,Free/Reduced,None,60,72,68
Female,Punjab,Primary or Below,Standard,Completed,61,75,79
Female,Punjab,Intermediate,Free/Reduced,None,66,72,72
Male,Punjab,Matric,Free/Reduced,None,63,71,70
Male,Punjab,Matric,Standard,Completed,67,74,83
Female,Punjab,Primary or Below,Standard,None,59,72,79
Male,Khyber Pakhtunkhwa,Intermediate,Standard,Completed,80,80,82
Male,Sindh,Intermediate,Standard,Completed,65,77,78
Female,Balochistan,Master's Degree,Standard,None,66,74,82
Female,Punjab,Intermediate,Standard,None,76,74,74
Female,Punjab,Matric,Standard,None,75,73,71
Female,Balochistan,Bachelor's Degree,Standard,Completed,72,82,90
Female,Punjab,Intermediate,Standard,None,67,67,64
Male,Punjab,Bachelor's Degree,Free/Reduced,Completed,96,91,97
Male,Sindh,Primary or Below,Standard,None,56,66,66
Male,Khyber Pakhtunkhwa,Matric,Standard,Completed,89,92,89
Female,Sindh,Intermediate,Standard,None,48,70,70
Male,Sindh,Master's Degree,Free/Reduced,None,65,65,62
Male,Khyber Pakhtunkhwa,Intermediate,Standard,Completed,69,76,84
Female,Sindh,Bachelor's Degree,Free/Reduced,Completed,45,63,72
Female,Punjab,Intermediate,Standard,Completed,45,68,66
Female,Punjab,Bachelor's Degree,Standard,None,78,71,70
Male,Punjab,Intermediate,Standard,None,52,65,67
Male,Sindh,Intermediate,Free/Reduced,None,71,72,72
Female,Punjab,Intermediate,Free/Reduced,None,58,60,58
Male,Khyber Pakhtunkhwa,Intermediate,Standard,Completed,76,80,84
Female,Islamabad Capital Territory,Bachelor's Degree,Free/Reduced,None,75,70,63
Male,Sindh,Bachelor's Degree,Standard,None,64,70,69
Male,Punjab,Bachelor's Degree,Standard,Completed,85,82,84
Male,Punjab,Matric,Standard,Completed,87,88,93
Male,Punjab,Bachelor's Degree,Standard,None,62,64,63
Male,Punjab,Bachelor's Degree,Free/Reduced,None,78,76,78
Female,Sindh,Bachelor's Degree,Standard,None,67,70,66
Male,Sindh,Matric,Free/Reduced,None,62,62,64
Female,Punjab,Primary or Below,Standard,Completed,75,86,83
Male,Sindh,Matric,Standard,None,65,72,74
Female,Khyber Pakhtunkhwa,Bachelor's Degree,Standard,Completed,65,72,83
Male,Punjab,Master's Degree,Standard,Completed,69,81,83
Female,Sindh,Bachelor's Degree,Free/Reduced,None,58,60,59
Female,Sindh,Primary or Below,Standard,None,71,72,64
Male,Khyber Pakhtunkhwa,Bachelor's Degree,Standard,Completed,68,70,79
Male,Khyber Pakhtunkhwa,Matric,Free/Reduced,None,51,61,65
Male,Sindh,Matric,Free/Reduced,Completed,70,83,91
Female,Sindh,Intermediate,Free/Reduced,None,67,69,72
Female,Punjab,Master's Degree,Standard,None,63,69,70
Male,Balochistan,Master's Degree,Standard,Completed,85,87,88
Female,Khyber Pakhtunkhwa,Bachelor's Degree,Standard,None,73,77,76
Female,Punjab,Matric,Free/Reduced,None,61,61,68
Female,Sindh,Intermediate,Free/Reduced,Completed,71,78,84
Female,Sindh,Intermediate,Standard,None,62,73,83
Female,Sindh,Primary or Below,Free/Reduced,None,62,67,71
Male,Khyber Pakhtunkhwa,Intermediate,Standard,Completed,79,88,88
Female,Balochistan,Intermediate,Free/Reduced,Completed,60,74,80
Male,Punjab,Matric,Standard,None,61,61,60
Female,Khyber Pakhtunkhwa,Matric,Standard,None,66,69,63
Female,Punjab,Intermediate,Standard,Completed,69,84,90
Female,Punjab,Bachelor's Degree,Standard,Completed,79,91,97
Female,Sindh,Intermediate,Standard,Completed,87,90,100
Male,Punjab,Matric,Standard,None,65,68,70
Female,Punjab,Master's Degree,Free/Reduced,None,58,66,69
Female,Khyber Pakhtunkhwa,Primary or Below,Standard,None,68,73,74
Male,Sindh,Matric,Free/Reduced,None,81,74,69
Male,Khyber Pakhtunkhwa,Intermediate,Standard,None,77,66,69
Female,Khyber Pakhtunkhwa,Bachelor's Degree,Standard,None,71,78,80
Female,Punjab,Intermediate,Standard,Completed,73,77,88
Male,Islamabad Capital Territory,Matric,Standard,Completed,81,86,88
Male,Khyber Pakhtunkhwa,Intermediate,Free/Reduced,Completed,56,68,75
Female,Khyber Pakhtunkhwa,Intermediate,Free/Reduced,Completed,53,66,70
Female,Sindh,Intermediate,Free/Reduced,None,50,66,61
Male,Sindh,Bachelor's Degree,Standard,None,74,72,71
Female,Sindh,Intermediate,Free/Reduced,None,58,69,74
Male,Khyber Pakhtunkhwa,Matric,Free/Reduced,None,76,77,78
Male,Sindh,Intermediate,Free/Reduced,None,63,67,69
Male,Khyber Pakhtunkhwa,Master's Degree,Standard,Completed,85,86,89
Male,Punjab,Bachelor's Degree,Standard,None,66,65,68
Female,Khyber Pakhtunkhwa,Master's Degree,Standard,None,86,79,81
Female,Punjab,Matric,Standard,None,52,61,62
Male,Balochistan,Bachelor's Degree,Standard,Completed,70,77,81
Male,Punjab,Intermediate,Standard,None,45,49,48
Female,Balochistan,Bachelor's Degree,Standard,None,70,65,72
Male,Punjab,Intermediate,Standard,None,68,76,76
Female,Sindh,Intermediate,Free/Reduced,None,58,68,65
Male,Punjab,Primary or Below,Standard,None,68,73,68
Female,Khyber Pakhtunkhwa,Bachelor's Degree,Standard,None,76,81,80
Female,Sindh,Matric,Free/Reduced,None,69,70,75
Female,Sindh,Intermediate,Standard,None,72,71,70
Male,Punjab,Master's Degree,Standard,None,54,57,66
Female,Punjab,Matric,Standard,Completed,74,87,92
Male,Khyber Pakhtunkhwa,Bachelor's Degree,Standard,Completed,68,77,84
Male,Khyber Pakhtunkhwa,Master's Degree,Free/Reduced,Completed,57,73,79
Male,Khyber Pakhtunkhwa,Intermediate,Standard,None,66,71,70
Female,Punjab,Bachelor's Degree,Free/Reduced,None,63,72,76
Male,Sindh,Bachelor's Degree,Standard,None,83,85,79
Male,Sindh,Bachelor's Degree,Standard,Completed,89,86,85
Male,Balochistan,Bachelor's Degree,Free/Reduced,None,61,72,69
Female,Khyber Pakhtunkhwa,Matric,Standard,None,66,70,74
Female,Punjab,Primary or Below,Standard,Completed,54,70,83
Female,Sindh,Bachelor's Degree,Standard,None,62,62,65
Female,Punjab,Intermediate,Standard,Completed,72,80,86
Male,Sindh,Matric,Free/Reduced,None,58,65,61
Female,Punjab,Bachelor's Degree,Standard,Completed,100,100,100
Female,Sindh,Bachelor's Degree,Free/Reduced,None,62,70,69
Female,Punjab,Bachelor's Degree,Free/Reduced,None,57,67,67
Male,Sindh,Bachelor's Degree,Standard,None,83,72,75
Male,Punjab,Intermediate,Standard,None,56,60,60
Female,Sindh,Bachelor's Degree,Standard,None,61,70,68
Male,Khyber Pakhtunkhwa,Master's Degree,Standard,Completed,80,80,85
Male,Balochistan,Matric,Standard,Completed,54,74,76
Female,Sindh,Intermediate,Standard,None,65,79,80
Male,Punjab,Intermediate,Free/Reduced,Completed,75,79,85
Male,Khyber Pakhtunkhwa,Bachelor's Degree,Standard,None,68,73,73
Male,Sindh,Primary or Below,Standard,Completed,66,73,78
Male,Punjab,Intermediate,Standard,None,65,64,61
Male,Sindh,Primary or Below,Standard,None,68,70,69
Female,Punjab,Master's Degree,Free/Reduced,None,83,76,75
Female,Punjab,Master's Degree,Standard,None,44,66,72
Female,Punjab,Primary or Below,Standard,Completed,56,74,80
Male,Punjab,Bachelor's Degree,Standard,None,72,75,73
Female,Balochistan,Matric,Standard,None,61,63,66
Male,Islamabad Capital Territory,Matric,Standard,None,81,74,77
Female,Islamabad Capital Territory,Bachelor's Degree,Standard,Completed,84,89,100
Male,Sindh,Master's Degree,Standard,None,73,70,69
Female,Sindh,Intermediate,Free/Reduced,Completed,61,75,79
Female,Sindh,Matric,Standard,None,66,74,68
Male,Sindh,Intermediate,Standard,None,75,75,72
Female,Sindh,Master's Degree,Standard,None,74,81,87
Female,Punjab,Intermediate,Standard,None,52,62,58
Male,Sindh,Primary or Below,Standard,None,71,70,66
Female,Punjab,Matric,Standard,Completed,82,81,89
Female,Khyber Pakhtunkhwa,Matric,Free/Reduced,None,56,67,68
Female,Sindh,Matric,Standard,None,61,76,77
Male,Khyber Pakhtunkhwa,Matric,Free/Reduced,None,68,70,69
Female,Sindh,Matric,Standard,Completed,97,98,99
Male,Punjab,Matric,Free/Reduced,Completed,60,74,75
Male,Punjab,Bachelor's Degree,Free/Reduced,None,54,58,62
Male,Punjab,Matric,Free/Reduced,Completed,47,59,70
Male,Khyber Pakhtunkhwa,Intermediate,Standard,None,77,68,69
Female,Punjab,Bachelor's Degree,Standard,Completed,70,72,78
Female,Sindh,Bachelor's Degree,Free/Reduced,None,60,62,65
Male,Khyber Pakhtunkhwa,Primary or Below,Free/Reduced,Completed,53,79,79
Female,Khyber Pakhtunkhwa,Master's Degree,Free/Reduced,None,62,68,60
Male,Sindh,Intermediate,Standard,None,78,82,80
Female,Punjab,Intermediate,Free/Reduced,Completed,79,82,91
Male,Punjab,Bachelor's Degree,Free/Reduced,None,58,64,63
Male,Islamabad Capital Territory,Master's Degree,Standard,None,79,74,71
Female,Sindh,Intermediate,Free/Reduced,Completed,64,76,87
Male,Punjab,Matric,Standard,None,61,67,63
Male,Punjab,Master's Degree,Free/Reduced,None,44,56,54
Female,Sindh,Intermediate,Free/Reduced,None,53,65,71
Male,Sindh,Matric,Free/Reduced,None,54,62,60
Female,Khyber Pakhtunkhwa,Intermediate,Standard,None,67,77,77
Male,Punjab,Bachelor's Degree,Free/Reduced,None,73,75,76
Female,Punjab,Primary or Below,Free/Reduced,None,69,78,75
Male,Khyber Pakhtunkhwa,Primary or Below,Standard,None,62,75,69
Female,Sindh,Matric,Standard,None,53,69,64
Male,Punjab,Matric,Free/Reduced,None,71,65,66
Female,Sindh,Intermediate,Standard,None,57,60,66
Female,Sindh,Intermediate,Standard,None,54,66,66
Male,Sindh,Bachelor's Degree,Standard,None,76,68,70
Female,Khyber Pakhtunkhwa,Intermediate,Free/Reduced,None,55,68,60
Female,Punjab,Intermediate,Standard,Completed,62,76,83
Female,Punjab,Intermediate,Free/Reduced,None,67,74,73
Male,Sindh,Master's Degree,Standard,Completed,79,79,85
Female,Punjab,Primary or Below,Free/Reduced,Completed,58,76,85
Male,Punjab,Intermediate,Standard,None,75,70,68
Female,Sindh,Intermediate,Free/Reduced,Completed,79,84,83
Male,Punjab,Matric,Free/Reduced,None,49,57,61
Female,Punjab,Bachelor's Degree,Free/Reduced,Completed,68,73,81
Female,Khyber Pakhtunkhwa,Master's Degree,Free/Reduced,None,58,64,68
Female,Punjab,Matric,Standard,None,70,68,66
Female,Punjab,Intermediate,Standard,Completed,67,72,76
Female,Khyber Pakhtunkhwa,Primary or Below,Standard,Completed,68,82,84
Male,Balochistan,Matric,Free/Reduced,None,68,67,60
Female,Punjab,Bachelor's Degree,Free/Reduced,Completed,76,79,84
Female,Punjab,Master's Degree,Standard,None,65,70,77
Female,Punjab,Bachelor's Degree,Standard,Completed,73,89,93
Male,Punjab,Bachelor's Degree,Free/Reduced,None,38,63,60
Female,Islamabad Capital Territory,Bachelor's Degree,Standard,None,76,76,74
Male,Khyber Pakhtunkhwa,Primary or Below,Standard,None,83,72,66
Female,Punjab,Bachelor's Degree,Standard,Completed,66,74,84
Male,Punjab,Intermediate,Free/Reduced,Completed,72,72,79
Male,Punjab,Bachelor's Degree,Standard,Completed,64,77,85
Female,Khyber Pakhtunkhwa,Matric,Standard,None,50,63,66
Male,Sindh,Matric,Standard,None,61,64,64
Male,Sindh,Bachelor's Degree,Standard,None,39,47,54
Female,Sindh,Intermediate,Standard,None,74,69,69
Male,Khyber Pakhtunkhwa,Bachelor's Degree,Standard,Completed,80,73,85
Female,Punjab,Intermediate,Standard,None,73,71,74
Female,Khyber Pakhtunkhwa,Bachelor's Degree,Standard,None,80,73,74
Male,Sindh,Bachelor's Degree,Free/Reduced,None,65,67,63
Female,Balochistan,Bachelor's Degree,Free/Reduced,Completed,68,73,79
Male,Punjab,Master's Degree,Free/Reduced,Completed,87,85,88
Male,Punjab,Intermediate,Free/Reduced,None,72,74,73
Male,Khyber Pakhtunkhwa,Master's Degree,Free/Reduced,None,57,67,68
Male,Sindh,Primary or Below,Standard,Completed,84,82,88
Male,Punjab,Matric,Standard,Completed,68,71,73
Female,Khyber Pakhtunkhwa,Intermediate,Standard,Completed,78,81,82
Male,Punjab,Bachelor's Degree,Standard,None,68,77,70
Male,Punjab,Matric,Standard,Completed,79,79,84
Male,Punjab,Bachelor's Degree,Standard,None,84,80,74
Female,Khyber Pakhtunkhwa,Matric,Free/Reduced,None,52,64,60
Female,Punjab,Bachelor's Degree,Standard,Completed,74,75,79
Female,Sindh,Master's Degree,Standard,None,57,59,62
Female,Punjab,Intermediate,Standard,None,64,76,74
Female,Khyber Pakhtunkhwa,Bachelor's Degree,Standard,None,60,74,70
Male,Sindh,Bachelor's Degree,Standard,None,75,72,72
Female,Sindh,Intermediate,Free/Reduced,None,61,69,67
Female,Punjab,Matric,Standard,None,48,62,68
Male,Punjab,Bachelor's Degree,Standard,None,74,73,76
Female,Islamabad Capital Territory,Intermediate,Standard,None,70,71,65
Male,Islamabad Capital Territory,Intermediate,Standard,None,63,78,76
Male,Punjab,Matric,Standard,None,58,65,70
Male,Punjab,Master's Degree,Standard,None,69,72,73
Male,Islamabad Capital Territory,Intermediate,Standard,None,51,59,59
Female,Sindh,Intermediate,Standard,Completed,75,86,93
Female,Punjab,Bachelor's Degree,Free/Reduced,Completed,76,76,78
Male,Punjab,Matric,Standard,Completed,80,80,79
Male,Khyber Pakhtunkhwa,Bachelor's Degree,Free/Reduced,None,51,52,52
Male,Sindh,Intermediate,Standard,None,73,73,74
Female,Balochistan,Matric,Free/Reduced,None,74,74,75
